[
  {
    "name": "Amazon Sport",
    "url": "https://www.amazon.it/s?k=maglia+calcio&tag=YOURTAG-21",
    "tags": [
      "merch",
      "kit"
    ]
  },
  {
    "name": "IBS Libri Sport",
    "url": "https://www.ibs.it/libri-sport",
    "tags": [
      "libri"
    ]
  },
  {
    "name": "NordVPN",
    "url": "https://go.nordvpn.net/aff_c?offer_id=YOUR",
    "tags": [
      "vpn"
    ]
  },
  {
    "name": "BetBurger",
    "url": "https://betburger.com/?ref=YOUR",
    "tags": [
      "surebets"
    ]
  }
]